scheme_id,name,category,state_scope,min_age,max_age,allowed_genders,max_income,marital_statuses,residence,required_flags,occupation_keywords,need_keywords,documents,benefits,official_url,application_url,verification_note,special_rule
atal_pension_yojana,Atal Pension Yojana,Pension,ALL,18,40,ALL,,ALL,ALL,bank_account,worker informal sector pension retirement,pension retirement old age savings social security,Aadhaar or accepted identity proof|Active mobile number|Savings bank or post-office savings account|Other documents requested by the bank,"Contributory pension support after age 60, subject to official rules and enrollment conditions.",https://www.myscheme.gov.in/,https://www.myscheme.gov.in/,"Illustrative pre-screen. Confirm tax-payer status, existing statutory social-security enrollment, contribution amount, and current official conditions.",apy
janani_shishu_suraksha,Janani Shishu Suraksha Karyakram,Health,ALL,,,Female,,ALL,ALL,pregnant,pregnant mother maternal newborn,pregnancy childbirth maternal health hospital newborn healthcare,Identity proof|Pregnancy or antenatal records|Hospital registration documents|Other documents requested by the government health institution,"Maternal and newborn health support at government health institutions, subject to official conditions.",https://www.myscheme.gov.in/,https://www.myscheme.gov.in/,Illustrative pre-screen. Availability and procedures must be confirmed with the relevant government health institution.,jssk
stand_up_india,Stand-Up India,Business,ALL,18,,ALL,,ALL,ALL,entrepreneur,entrepreneur business startup greenfield enterprise,business loan enterprise startup women entrepreneur financing,Identity and address proof|Business plan|Bank documents|Category or gender-related supporting document where applicable|Other lender-required documents,"Bank-loan facilitation for eligible greenfield enterprises, subject to lender and official program rules.",https://www.myscheme.gov.in/,https://www.myscheme.gov.in/,"Illustrative pre-screen. Official eligibility includes enterprise, ownership/control, greenfield-project, and banking conditions.",standup
pm_svanidhi,PM Street Vendor’s AtmaNirbhar Nidhi (PM SVANidhi),Livelihood,ALL,18,,ALL,,ALL,Urban,street_vendor,street vendor hawker livelihood micro business,working capital loan street vending livelihood business,"Identity proof|Vendor certificate or identification letter, where applicable|Bank account details|Mobile number|Other documents requested by the implementing body","Working-capital support for eligible street vendors, subject to current official rules.",https://www.myscheme.gov.in/,https://www.myscheme.gov.in/,Illustrative pre-screen. Vendor identification and local implementing-body rules require official verification.,
pm_kisan,Pradhan Mantri Kisan Samman Nidhi (PM-KISAN),Agriculture,ALL,18,,ALL,,ALL,Rural,farmer,farmer agriculture landholder cultivation,farm income agriculture crop financial support,Aadhaar|Land records as required|Bank account details|Mobile number|Other documents requested by the State or UT,"Income support for eligible farmer families, subject to land records, exclusion criteria, and official verification.",https://www.myscheme.gov.in/,https://www.myscheme.gov.in/,Illustrative pre-screen. Landholding and exclusion criteria are not fully modeled.,
old_age_pension_search,Old-Age Pension Scheme Search,Pension,ALL,60,,ALL,250000,ALL,ALL,,senior citizen elderly pension,old age pension senior citizen income support,Age proof|Identity proof|Address or domicile proof|Income or BPL proof where required|Bank account details,Routes the user to relevant Central or State/UT old-age pension schemes for official review.,https://www.myscheme.gov.in/,https://www.myscheme.gov.in/,"Discovery aid only. Age thresholds, income limits, and residency rules vary by scheme and State/UT.",
scholarship_search,Student Scholarship Scheme Search,Education,ALL,6,35,ALL,800000,ALL,ALL,student,student school college university learner,scholarship tuition education study books hostel,Student identity or admission proof|Academic records|Income certificate where required|Bank account details|Category or disability certificate only when a selected scheme requires it,Finds potentially relevant Central and State/UT scholarship schemes for further official eligibility checks.,https://www.myscheme.gov.in/,https://www.myscheme.gov.in/,"Discovery aid only. Every scholarship has separate academic, income, institution, domicile, and category conditions.",
disability_support_search,Disability Support Scheme Search,Social Welfare,ALL,,,ALL,500000,ALL,ALL,disability,person with disability divyang caregiver accessibility,disability pension assistive device scholarship rehabilitation support,Identity proof|Disability certificate or UDID where required|Address or domicile proof|Income certificate where required|Bank account details,Finds potentially relevant disability-support schemes and directs the user to official verification.,https://www.myscheme.gov.in/,https://www.myscheme.gov.in/,"Discovery aid only. Disability percentage, certification, income, age, and State/UT rules vary.",
housing_support_search,Housing Assistance Scheme Search,Housing,ALL,18,,ALL,600000,ALL,ALL,housing_need,household family housing homeless kutcha house,housing home construction rent shelter rural urban,Identity proof|Address or domicile proof|Income proof|Land or housing records where applicable|Bank account details,Finds potentially relevant rural or urban housing-assistance schemes for official review.,https://www.myscheme.gov.in/,https://www.myscheme.gov.in/,"Discovery aid only. Housing ownership, family composition, local lists, and income categories require official verification.",
ayushman_health_search,Public Health Coverage Scheme Search,Health,ALL,,,ALL,,ALL,ALL,,patient family healthcare hospital treatment insurance,healthcare hospital surgery treatment insurance medical benefit,Identity proof|Family or beneficiary identification requested by the scheme|Ration card or other household record where applicable|Other documents requested by the hospital or implementing authority,Finds potentially relevant public health-benefit and insurance schemes for official beneficiary verification.,https://www.myscheme.gov.in/,https://www.myscheme.gov.in/,Discovery aid only. Many health schemes use beneficiary databases and conditions that cannot be inferred from income alone.,
women_support_search,Women and Family Support Scheme Search,Women and Child,ALL,18,,Female,500000,ALL,ALL,,woman mother widow family caregiver,women support widow maternity safety livelihood family benefit,Identity proof|Address or domicile proof|Income proof where required|Marital or family-status document only when a selected scheme requires it|Bank account details,Finds potentially relevant women- and family-support schemes for official review.,https://www.myscheme.gov.in/,https://www.myscheme.gov.in/,Discovery aid only. Exact conditions vary by selected scheme and State/UT.,
skill_training_search,Skill Development and Training Scheme Search,Skills,ALL,15,59,ALL,,ALL,ALL,,job seeker youth worker trainee unemployed,skill training job employment certification apprenticeship,Identity proof|Age proof|Education records where required|Bank account details for stipend-linked programs|Other training-provider documents,"Finds potentially relevant skill-development, apprenticeship, and training schemes.",https://www.myscheme.gov.in/,https://www.myscheme.gov.in/,"Discovery aid only. Course, age, education, location, and provider conditions vary.",
